{
  "ally_attack": 3,
  "ally_defence": 3,
  "bomb_radius": 2,
  "bow_durability": 1,
  "bribe_amount": 3,
  "bribe_radius": 3,
  "invincibility_potion_duration": 1,
  "invisibility_potion_duration": 1,
  "mercenary_attack": 1,
  "mercenary_health": 5,
  "player_attack": 1,
  "player_health": 10,
  "shield_defence": 1,
  "shield_durability": 1,
  "spider_attack": 1,
  "spider_health": 5,
  "spider_spawn_interval": 10,
  "sword_attack": 2,
  "sword_durability": 1,
  "treasure_goal": 1,
  "zombie_attack": 1,
  "zombie_health": 5,
  "zombie_spawn_interval": 1
}