{
    "entities": [
        {
            "x": 0,
            "y": 0,
            "type": "exit"
        },
        {
            "x": 1,
            "y": 0,
            "type": "wall"
        },
        {
            "x": 2,
            "y": 0,
            "type": "wall"
        },
        {
            "x": 3,
            "y": 0,
            "type": "wall"
        },
        {
            "x": 4,
            "y": 0,
            "type": "wall"
        },
        {
            "x": 5,
            "y": 0,
            "type": "wall"
        },
        {
            "x": 6,
            "y": 0,
            "type": "wall"
        },
        {
            "x": 0,
            "y": 1,
            "type": "player"
        },
        {
            "x": 1,
            "y": 1,
            "type": "sword"
        },
        {
            "x": 2,
            "y": 1,
            "type": "zombie_toast"
        },
        {
            "x": 3,
            "y": 1,
            "type": "zombie_toast"
        },
        {
            "x": 4,
            "y": 1,
            "type": "zombie_toast"
        },
        {
            "x": 5,
            "y": 1,
            "type": "zombie_toast_spawner"
        },
        {
            "x": 6,
            "y": 1,
            "type": "wall"
        },
        {
            "x": 0,
            "y": 2,
            "type": "wall"
        },
        {
            "x": 1,
            "y": 2,
            "type": "wall"
        },
        {
            "x": 2,
            "y": 2,
            "type": "wall"
        },
        {
            "x": 3,
            "y": 2,
            "type": "wall"
        },
        {
            "x": 4,
            "y": 2,
            "type": "wall"
        },
        {
            "x": 5,
            "y": 2,
            "type": "wall"
        },
        {
            "x": 6,
            "y": 2,
            "type": "wall"
        }
    ],
    "goal-condition": {
        "goal": "enemyGoal"
    }
}