{
  "entities": [
    {
      "x": 0,
      "y": 0,
      "type": "wall"
    },
    {
      "x": 1,
      "y": 0,
      "type": "wall"
    },
    {
      "x": 2,
      "y": 0,
      "type": "wall"
    },
    {
      "x": 3,
      "y": 0,
      "type": "wall"
    },
    {
      "x": 4,
      "y": 0,
      "type": "wall"
    },
    {
      "x": 0,
      "y": 1,
      "type": "player"
    },
    {
      "movement_factor": "2",
      "x": 1,
      "y": 1,
      "type": "swamp_tile"
    },
    {
      "x": 3,
      "y": 1,
      "type": "zombie_toast"
    },
    {
      "x": 4,
      "y": 1,
      "type": "wall"
    },
    {
      "x": 0,
      "y": 2,
      "type": "wall"
    },
    {
      "x": 1,
      "y": 2,
      "type": "wall"
    },
    {
      "x": 2,
      "y": 2,
      "type": "wall"
    },
    {
      "x": 3,
      "y": 2,
      "type": "wall"
    },
    {
      "x": 4,
      "y": 2,
      "type": "wall"
    }
  ],
  "goal-condition": {
    "goal": "exit"
  }
}