{
    "entities": [
        {
            "x": 2,
            "y": 0,
            "type": "wall"
        },
        {
            "x": 3,
            "y": 0,
            "type": "player"
        },
        {
            "x": 4,
            "y": 0,
            "type": "wall"
        },
        {
            "x": 2,
            "y": 1,
            "type": "wall"
        },
        {
            "x": 4,
            "y": 1,
            "type": "wall"
        },
        {
            "x": 5,
            "y": 1,
            "type": "wall"
        },
        {
            "x": 2,
            "y": 2,
            "type": "wall"
        },
        {
            "x": 5,
            "y": 2,
            "type": "wall"
        },
        {
            "x": 2,
            "y": 3,
            "type": "wall"
        },
        {
            "x": 3,
            "y": 3,
            "type": "exit"
        },
        {
            "x": 4,
            "y": 3,
            "type": "wall"
        },
        {
            "x": 3,
            "y": 4,
            "type": "wall"
        }
    ],
    "goal-condition": {
        "goal": "exit"
    }
}